,title_text,label,label_score
0,laku pukul brutal anak anggota dpr tol tangkap,true,2
1,panglima dukung tumpas teroris kkb papua indonesia sambut g20,true,2
2,ccipp tingkat kualitas sdm dukung ikn diklat,true,2
3,survei smrc puas kerja jokowi,true,2
4,erick thohir ajak puan retno triawan sarinah lihat karya seni pajang pusat belanja,true,2
5,dokter tinggal vaksin,true,2
6,cuaca buruk harga cabai bawang merah bandung lonjak,true,2
7,achoy suara tujuh sedia musprovlub bola tangan dki,true,2
8,jalan wisata desa mangli rusak unjung wisata jeglongan sewu,true,2
9,ridwan kamil sosok eril anak yatim duafa,true,2
10,harga tiket candi borobudur rp750 ribu senator diy lihat,clickbait,0
11,umkm bina baznas ramai ajang internasional formula,true,2
12,setda banda aceh aminullah asmabar adakan rapat kuat organisasi,true,2
13,hasto kristiyanto dapat foto puan maharani anies baswedan saksi balap mobil balap listrik kelas dunia cenderung masyarakat,true,2
14,candesartan obat bantu jaga tekan darah kendali obat obat gagal jantung dosis efek samping,true,2
15,video unggah momen sama atalia sang putra kalimat rindu semat unggah,true,2
16,top gun maverick kuasa box office amerika pekan,true,2
17,listrik padam kemarin ajar pelalawan sulit ajar,true,2
18,afm libat pukul lapor korban afm ketua pemuda peju bravo rawan menang jokowi ruf amin anak politis pdip,true,2
19,ceo tesla elon musk umum mangkas karyawannya alas putus musk milik asa buruk ekonomi usaha,true,2
20,gelar motogp sirkuit mandalika indonesia gelar balap mobil world challange asia,true,2
21,perintah tindak lanjut hasil leaders retreat indonesia singapura 2022,true,2
22,ridwan kamil sosok eril anak yatim duafa,true,2
23,laku turun bendera merah putih proses hukum,true,2
24,gara gara acung jari justin frederick bonyok pukul jalan tol kota,true,2
25,anggota dpr alas naik harga tiket candi borobudur rp750 ribu,true,2
26,sidak takjil pasar tradisional dinas sehat pasti aman awet,true,2
27,total unjung formula ribu orang,true,2
28,pelat hitam ganti putih pelat merah kuning,true,2
29,ustadz adi hidayat uah sebut eril anak sulung ridwan kamil renung air eril arsy allah swt air,true,2
30,ceo yandex arkady volozh mundur,true,2
31,amat politik nilai ajang formula anies keras dki,true,2
32,tambang transfer 195 663 koin bursa kripto mei,true,2
33,populer luhut umum perintah naik harga tiket masuk candi borobudur 750 ribu turis lokal usd 100 turis mancanegara,true,2
34,raih juara karya ilmiah taruna sttd cipta listrik metode piezoelectric bandara,true,2
35,putra ridwan kamil wafat dubes palestina belasungkawa,true,2
36,berita baru virus corona beijing tahap cabut batas pekan,true,2
37,formula jakarta tuntas gelar sirkuit ancol gubernur dki jakarta anies baswedan sembah gelar internasional pertiwi,true,2
38,gage titik dki jakarta uji coba besok tilang lokasi terap juni 2022,true,2
39,dinas sehat makassar sidak takjil pasar tradisional antisipasi awet,true,2
40,spanyol kali raih hasil imbang laga gru uefa nations league,true,2
41,direktorat jenderal pajak ditjen pajak menteri uang integrasi nomor npwp nomor induk duduk nik implementasi 2023,true,2
42,cuaca ekstrem kendal puluh rumah rusak pohon tumbang tower radio roboh,true,2
43,pusat kendali operasi bnpb lapor bakar hutan lahan karhutla wilayah kabupaten kampar provinsi riau padam jumat peristiwa kamis wib,true,2
44,sekretaris kpu bondowoso terap manager meeting rutin minggu sekretaris kasubbag lingkung sekretariat kpu bondowoso senin 2022,true,2
45,rumah lahir karno jalan pandean gang surabaya jadi museum rencana wali kota surabaya eri cahyadi,true,2
46,populer kabar muncul harimau jawa sukabumi sambut bahagia perintah harimau nyata punah,true,2
47,sekjen pdip beber kriteria sosok capres 2024 versi pdip hasto capres keliling indonesia nali rakyat,true,2
48,perintah provinsi lampung harap program magang buka dinas tenaga kerja provinsi lampung usaha lampung redam angka anggur,true,2
49,sebar wabah pmk kabupaten sampang camat tambah enam camat,true,2
50,wisma atlet rsdc resmi tutup juli 2022 covid selesai,false,1
51,west ham jalin komunikasi serang gabriel barbosa flamengo,true,2
52,ratus paket sembako perabot rumah tangga korban banjir akibat luap bengawan njero,true,2
53,erick thohir hadir istighosah pondok pesantren amanatul ummah,true,2
54,bas warga makassar rugi rp10 miliar tipu investasi bodong tambang digital,true,2
55,revitalisasi tugu pamulang capai persen tinggal atap,true,2
56,bahar smith tetap sangka kuasa hukum duga sponsor belakang,true,2
57,eijkman lebur brin pks khawatir teliti intervensi politik,true,2
58,nasib malang alami wanita anggota pasu melati kota medan surtinem motor honda beat milik raib curi bersih jalan jalan agus salim kota medan,true,2
59,denny siregar polda jabar jalan,true,2
60,menteri sehat positif covid varian omicron indonesia 150,true,2
61,lapor jahat benci anti muslim tingkat,true,2
62,dpo teroris mit poso sulteng ahmad tewas tembak satgas madago raya jenazah makam area makam makam ali kalora,true,2
63,asn agama islam lingkung pemprov sumbar wajib absen subuh,true,2
64,anies baswedan nostalgia makan warteg kawasan ancol jakarta utara anies makan warteg foto meme,true,2
65,nashrudin azis bidik kursi dpr wali kota cirebon,true,2
66,gaga muhammad tuntut hukum penjara denda juta jpu sim milik gaga kembali,true,2
67,hari vaksin siswa magetan tinggal dunia,true,2
68,irfan jauhari antusias cicip liga bela klub persija jakarta persija liga1,true,2
69,mahasiswa ugm raih juara lomba debat bahasa nasional,true,2
70,ipw nilai polda jabar copot sidik mangkrak,true,2
71,kerja polisi tangan duga ujar benci sorot publik,true,2
72,covid varian omicron cetak rekor ribu sekolah negeri paman sam tunda buka didik tatap muka jadwal minggu,true,2
73,reforma agraria perintah lampau target legalisasi aset,true,2
74,idi usul jepara bangun rsj bupati andi dkk laku kaji,true,2
75,skk migas rok produsen minyak besar 2022,true,2
76,pimpin hong kong bantah bebas pers ambang punah,true,2
77,kelompok milenial apresiasi polri cepat atas laku intoleran,true,2
78,agen tegas christian eriksen buka suara kait lanjut karier,true,2
79,mercedes benz vision eqxx debut batal lantai ces 2022,true,2
80,emma watson suara dukung palestina,true,2
81,empat sangka bekuk polisi duga peran aplikasi pesan perkosa korban,true,2
82,jadi bakar tanggung turun pandemi,true,2
83,vaksinasi booster covid indonesia pada12 januari 2022,true,2
84,indonesia catat 299 covid selasa januari 2022 dki sumbang 115,true,2
85,kemendikbudristek bongkar dampak negatif pandemi dunia didik,true,2
86,bakar hangus unit rumah lingkung lurah salomallori camat duapitue selasa januari 2022 wita rumah milik pasang suami istri aksan tahir asriani,true,2
87,bek chelsea antonio rudiger incar klub eropa,true,2
88,dokter aku netral darah candu narkoba cianjur pasang tarif juta suntik,true,2
89,negara sepakat janji antinuklir china dorong indonesia suara,true,2
90,bahar sidik polda jabar butuh lapor periksa tahan lapor denny siregar dkk tahun proses,true,2
91,pertamina hulu rok bor sumur eksplorasi buru cadang migas nonkonvensional blok rok,true,2
92,kelompok radikal teroris karakter antikearifan lokal agama,true,2
93,eks ceo bukalapak rachmat kaimuddin resmi gabung kemenko maritim investasi pimpin luhut binsar pandjaitan,true,2
94,disdik dki mengakomodir orang tua izin anak ptm,true,2
95,muslim taubat dosa,true,2
96,kabupaten kota jatim gelar ptm 100 persen gubernur khofifah wajib prokes ketat ptm khofifah,true,2
97,israel lapor temu infeksi gabung virus influenza virus corona flurona sorot menteri sehat israel khawatir,true,2
98,apindo nilai gubernur milik dasar hukum,true,2
99,buron anggota mit poso tewas kontak tembak,true,2
100,ketua bapera kota gorontalo p21 hukum sangka,true,2
101,mahfud tegas perintah serius tuntas ham berat,true,2
102,ceo formula alberto longgo tampik jakarta bayar kota nama dunia helat ajang balap mobil listrik puji tim indonesia negosiasi gigih,true,2
103,kait isu pilih venue formula tentu presiden tegas tanggung perintah daerah selenggara dinamika selenggara sepenuh domain buat bijak tingkat daerah,true,2
104,konsumsi obat alami turun gula darah olahraga atur minum air,true,2
105,tito sorot realisasi belanja daerah persen jelang dasar data tampil tito realisasi belanja pemprov sumut triliun total anggar rp13 triliun,true,2
106,mendagri tito pemda cepat realisasi belanja apbd,true,2
107,surat buka korban leceh seksual kampus tanggap serius,true,2
108,ketua dpr puan maharani kesiap indonesia tuan rumah selenggara ipu general assembly serta 5wcsp wina austria,true,2
109,motif istri ganas keroyok anak malang korban perkosa suami,true,2
110,gugat ptun tolak kubu moeldoko buka peluang banding,true,2
111,apresiasi pemda apbdnya mendagri,true,2
112,bupati aceh barat ajak digital media bangkit semangat investasi aceh,true,2
113,pemkab nagan raya selenggara training trainer kerja,true,2
114,raih juara ajang pentas pai tingkat provinsi aceh bupati bonus raihana shafa thahira,true,2
115,aminullah banda aceh oki sinergi maju sektor pariwisata,true,2
116,demo buruh patung kuda panas massa nyala flare,true,2
117,bentrok ormas rebut limbah ekonomis salah pabrik karawang,true,2
118,apresiasi ptun tolak gugat kubu moeldoko menkumham objektif,true,2
119,perintah perintah dpr baik cipta kerja,true,2
120,bupati mamteng rhp bantu bangun masjid arafah 100 juta papua,true,2
121,izham bekal niaga tiada pilih paksa naik harga ikut kos bahan import,true,2
122,musik kencang acara nikah sebab ekor ayam mati dadak ayam mati serang jantung,true,2
123,kisah inspiratif guru nama asdilita guru sandang disabilitas serah ajar mts negeri andal,true,2
124,hujan deras guyur lamongan akibat jalan lantar tutup longsor tanggul sawah tegal lamongan,true,2
125,anies lokasi formula tentu tim feo imi jakpro,true,2
126,mendagri realisasi apbd pemprov sumut persen,true,2
127,stafsus setneg kait formula tanggung pemprov dki,true,2
128,menteri ketenagakerjaan ida fauziyah cepat salur bantu subsidi upah bsu 2021 kerja bantu salur 7163043 orang,true,2
129,bandung raya dampak siklon tropis paddy,true,2
130,dprd lapor jaksa kejat sulawesi selatan sulsel,true,2
131,jamie carragher jengkel trio mnm tampil malas malas,true,2
132,fpks dpr tolak cipta kerja ingat susun cermat libat stakeholder seksama,true,2
133,kapolres jakpus murka perwira polisi keroyok pemuda pancasila,true,2
134,masterplan cepat bangun pulau sumba ntt,true,2
135,menko ekonomi airlangga hartarto perintah patuh putus mahkamah konstitusi baik cipta kerja,true,2
136,hadap milu 2024 demokrat surabaya gelar sekolah politik,true,2
137,mendagri tegur pemda serap belanja rendah,true,2
138,pan dukung mui jakarta bentuk cyber army lawan hoax,true,2
139,cipta kerja tentang uud 1945,true,2
140,ketua dprd dki jakarta prasetio edi marsudi presiden joko widodo libat tentu sirkuit formula tuding dompleng nama jokowi lancar balap formula kota,true,2
141,strategi erick thohir bantu usaha kelas,true,2
142,anies lokasi formula tentu presiden jokowi,true,2
143,dewan eropa tuntut austria tarik peta islam kontroversial publikasi peta musuh umat islam potensi kontraproduktif badan hak asasi manusia eropa nyata,true,2
144,nasib ppkm tentu ahli nilai bijak aman cabut tren kembang covid pekan,true,2
145,formula jakarta tuntas gelar sirkuit ancol gubernur dki jakarta anies baswedan sembah gelar internasional pertiwi,true,2
146,dinas tahan pangan tani kota blitar gelar sosialisasi antisipasi pmk ternak,true,2
147,desa maju rata ganjar kades laku sempat ganjar dorong transformasi desa mandiri sejahtera,true,2
148,hilang jenderal tewas rusia hilang jenderal akibat pecat presiden putin kait mulus invasi ukraina,true,2
149,pemkot makassar protes kemendagri naik ppkm level,true,2
150,putus asn jenis pns pppk tenaga honorer hapus ganti sistem outsourcing,true,2
151,perintah pasti 193 954 guru lulus p3k formasi,true,2
152,taman wisata candi tiket candi harga rp5 ribu ajar pes reservasi sekolah orang ajar kena harga tiket wisatawan lokal rp750 ribu,true,2
153,alphard pelat rfz terobos jalur cfd bundaram jakarta pusat pagi sopir mobil nekat melitas halau tugas,true,2
154,komika sutradara ernest prakasa sorot publik unggah cuit akun twitternya ernestprakasa minggu 2022,true,2
155,rkuhp orang demonstrasi izin penjara,clickbait,0
156,ansor dki sayang nama nabi muhammad sanding alkohol,true,2
157,bank dunia stimulus ekonomi makro indonesia hasil memitigasi dampak pandemi covid,true,2
158,komjak puji kompak erick thohir jaksa bersih bersih bumn,true,2
159,larang warga jakarta barat jakbar makan kucing liar kontroversi polemik rencana selesai mediasi,true,2
160,ratus rawan indonesia tageh deklarasi lanyalla the next president,true,2
161,pimpin pondok pesantren ponpes kabupaten subang tangkap duga perkosa abg murid,true,2
162,senjata api sebab anak buya arrazy hasyim tinggal tembak milik anggota polri anggota polri tarik mabes polri,true,2
163,kpk indonesia corruption watch icw ada temu diskus upaya berantas korupsi vonis hukum perkara korupsi,true,2
164,narapidana kendali selundup narkoba sabu muhammad sulton vonis bebas tanjungkarang sulton tuntut mati,true,2
165,menteri atr kepala bpn sesuai perintah presiden ptsl cepat,true,2
166,misteri kedung sungai bengawan solo keramat kerap celaka,clickbait,0
167,kpk hadir rapat dengar dapat program berantas korupsi integrasi aparat tegak hukum provinsi sumatera barat,true,2
168,konferprov pwi pemprov riau ajak insan pers tangkis berita hoax,true,2
169,ansor dki holywings maaf ummat,true,2
170,senjata api sebab anak buya arrazy hasyim tinggal tembak milik anggota polri anggota polri tarik mabes polri,true,2
171,mantan mendag muhammad lutfi panggil jaksa agung saksi duga korupsi beri fasilitas ekspor cpo minyak goreng,true,2
172,ungkap buang sisa material warga,true,2
173,harga daging sapi alami anomali harga pantau minta dagang mering pedih,true,2
174,bnpt sebut kelompok khilafatul muslimin organisasi teroris khilafatul muslimin organisasi intoleran,true,2
175,bendahara pbnu politikus pdip mardani maming sangka kpk harta,true,2
176,hadir rakernas forki menteri atr bpn had tjahjanto apresiasi karateka nasional lantik pengprov,true,2
177,menteri atr kepala bpn had tjahjanto kunjung kerja pertama resmi lantik presiden joko widodo,true,2
178,tangan konflik agraria menteri atr bpn pasti giat ekonomi masyarakat jalan,true,2
179,spesial presiden joko widodo jokowi juni lahir,true,2
180,lantik urus hmi cabang pulau meranti pesan wabup asmar,true,2
181,lutfi bongkar libat minyak goreng,true,2
182,cetak sdm tani unggul suluh,true,2
183,islamofobia inggris tangan wajib,true,2
184,djarot saiful hidayat kritik program entas miskin anies dki djarot aku program konkret bantu rakyat miskin,true,2
185,ganti internet explorer lebih kurang microsoft edge,true,2
186,bintang internasional senegal tinggal anfield enam sama pindah kampiun bundesliga,true,2
187,ketua pdi juang megawati soekarnoputri ingat keras kader partai manuver politik calon presiden milu 2024,true,2
188,menteri dagang zulkifli hasan target harga minyak goreng curah turun rata daerah 000 liter,true,2
189,mantan malaysia mahathir mohamad malaysia klaim singapura pulau riau kemenlu informasi kait kbri kuala lumpur,true,2
190,kapolres aceh barat ajak wartawan bantu polri jaga kamtibmas,true,2
191,megawati nilai amendemen uud 1945 kali tuju wenang mpr road map,true,2
192,ditjen imigrasi deportasi wna kait tipu bansos jepang,true,2
193,protes anies baswedan anggap hambur hambur apbd penting warga miskin kota,true,2
194,taman tjimanoek aku nasional ekoriparian menteri lhk,true,2
195,megawati tentu calon presiden 2024 pdip megawati kader manuver jelang 2024,true,2
196,putus anwar usman mundur kursi ketua,true,2
197,daftar tim lolos empat final piala presiden 2022,true,2
198,perintah terap ketat atur covid masyarakat wajib terima vaksin dosis tiga daftar giat wajib booster,true,2
199,bupati gowa harap fkub cipta situasi aman tentram,true,2
200,viral media sosial kisah tumpang alami leceh seksual kereta api kota,true,2
201,corona indonesia ngegas lampau ribu enam idi tes pcr syarat jalan,true,2
202,motivasi kontingen popda tingkat provinsi sulsel gubernur andi sudirman hadiah spesial,true,2
203,latih persib bandung harap laga empat final hadir bobotoh,true,2
204,wagub dki ahmad riza patria aku tambah wajib commitment fee formula miliar,true,2
205,cerita taufik hidayat tolak suap malaysia asi games,true,2
206,fosil hewan purba temu lokasi eksavasi fosil kura kura buaya kabupaten subang fosil hewan purba temu jenis sapi sapi,true,2
207,pemprov dki jakarta gratis tarif angkut transjakarta mrt lrt jakarta besok,true,2
208,gempa magnitudo guncang sabang aceh,true,2
209,anwar usman nilai mundur ketua,true,2
210,forum dokter susah praktik tuding idi sulit izin dokter lulus negeri kultur feodalisme picu eksploitasi calon spesialis soal,true,2
211,presiden kurban sapi bengkulu berat ton,true,2
212,viral medsos toilet spbu pasar kemis mewah hotel masyarakat betah ngadem,true,2
213,rejang lebong tunggu selesai tapal batas kepahiang,true,2
214,potensi tular pmk rusa milik karakteristik beda sapi,true,2
215,orang sadar risiko alami stroke sakit golong silent disease serang,true,2
216,cerita wisatawan gunung bromo palak oknum ojek kuda viral media sosial lantar wisatawan rekam oknum ojek kuda,true,2
217,indonesia tuan rumah temu tingkat bahas disabilitas,true,2
218,juni 2022 fsp parekraf kspsi gelar munas bal gaung tema indonesia sehat pariwisata bangkit,true,2
219,menteri atr bpn had tjahjanto janji berantas mafia tanah netizen senang menteri langsung kerja,true,2
220,megawati paspampres badan tegap jokowi,true,2
221,puluh juta kendara bayar pajak data hapus bodong,true,2
222,kantor layan pajak kpp pratama jakarta mampang prapatan buka sosialisasi gedung transmedia juni 2022,true,2
223,server ppdb sulsel jalur boarding school panjang juni,true,2
224,polisi tangkap edar ukui pelalawan sabu pasok pekanbaru,true,2
225,kerja rangka usung capres cawapres,true,2
226,ditjen imigrasi deportasi mitsuhiro taniguchi kait tipu bansos jepang,true,2
227,puan maharani puji megawati acara rakernas pdip puan nilai puji sinyal dukung maju 2024,true,2
228,detikcom adil negeri surabaya izin nikah beda agama pasang islam kristen alas,true,2
229,tolak keras ppp buruh gugat kamis,true,2
230,viral gadis kena stroke keluh dengung telinga sebab earphone jelas dokter saraf,true,2
231,proyek jembatan gatsu timur target rampung desember,true,2
232,wabup hadir acara monitoring pbi jawa timur,true,2
233,presiden joko widodo anggar tahan pangan capai rp92 triliun 2022 hasil konkret jokowi ultimatum hasil belikan beras,true,2
234,litbang kompas rilis survei tingkat puas publik perintah presiden jokowi wapres ruf amin hasil turun,true,2
235,pakar sebut susah lurus jari alias kontraktur dupuytren tanda tanda gejala kolesterol dokter beber fakta fakta,true,2
236,drama sandera uang dprd riau henti hardianto emosi pakai hati regulasi,true,2
237,eks mendag lutfi penuh panggil jagung periksa kait ekspor bahan baku minyak goreng,true,2
238,pemprov dki gratis tarif angkut transjakarta mrt lrt besok tarif khusus laku hut dki jakarta 495 juni,true,2
239,anggota dprd dki fraksi gerindra nilai dinas parekraf colong bungkus night polisi sebut bungkus night prostitusi,true,2
240,perintah desa tuntut inovasi,true,2
241,indonesia juang penting nelayan sidang wto subsidi ikan ilegal hapus,true,2
242,grace natalie partai dukung gubernur dki jakarta anies baswedan maju capres milu 2024,true,2
243,menteri tani syahrul yasin limpo heran harga cabai bawang merah lonjak pasal stok cabai tani golong aman,true,2
244,sby pamer lukis karya acara kenang almarhumah ani yudhoyono,true,2
245,warga temu tas plastik isi bayi tinggal bangku warung kopi warkop kawasan desa nambuhan camat purwodadi grobogan sore,true,2
246,pilih juli calon rektor unri tempur,true,2
247,menteri tani syahrul yasin limpo heran harga cabai bawang merah lonjak pasal stok cabai tani golong aman,true,2
248,sangka sopir bus maut tahan,true,2
249,grace natalie partai dukung gubernur dki jakarta anies baswedan maju capres milu 2024,true,2
250,perintah arab saudi sita main pakai benda warna pelangi upaya tolak ada lgbt,true,2
251,lantik urus hmi cabang pulau meranti pesan wabup asmar,true,2
252,raya idul adha bulan umat muslim anjur beli sapi kambing domba hewan kurban,true,2
253,mobil chevrolet ambulans angkut jenazah tabrak medan akibat jenazah bawa ambulans pental pintu,true,2
254,tum ahy kenang sosok sang ibunda rindu ani yudhoyono 000 almarhumah pulang keluarga tata hati rasa duka dalam,true,2
255,indonesia hadap 855 jadi bencana alam januari,true,2
256,menag puji wali kota semarang dukung revitalisasi kua,true,2
257,dirjen who thedros adanom ghebreyesus yogyakarta datang thedros hadir temu menkes g20 senin,true,2
258,komplit akun whatsapp intai orang gejala tips aman,true,2
259,forum selamat hutan jawa tolak lahan hutan jawa objek reforma agraria,true,2
260,jalan licin truk pakan lele guling tanjak sumbersari,true,2
261,tenda tenda arafah alas karpet,true,2
262,manfaat manfaat jalan kaki sehat,true,2
263,kawan tandem muhaimin iskandar pilpres 2024 sinyal pkb,true,2
264,kades torjunan sampang tinggal misterius pilih baca minggu 2022,true,2
265,bangun tol kawasan puncak timbul lingkung,true,2
266,tinjau progres baik jembatan gantung kemuning bupati wardan,true,2
267,bonus persen gaji hitung,true,2
268,147 ribu jamaah haji madinah,true,2
269,islam solusi tawar agam problem dunia modern sekularisasi,true,2
270,munas harap pdip tetap ganjar puan presiden wakil presiden 2024,true,2
271,ketua pdi juang megawati soekarnoputri ketua dpr puan maharani saran wali kota solo gibran rakabuming maju pilgub,true,2
272,didik politik penuh hak politik disabilitas,true,2
273,israel warga jaga,true,2
274,vinicius junior tolak main inggris pilih real madrid,true,2
275,pks bahas peluang koalisi capres 2024,true,2
276,aju tawar frenkie jong,true,2
277,000 hektare lahap api zamora spanyol,true,2
278,masyarakat kurban imbau tingkat waspada jeli beli hewan kurban,true,2
279,gibran rakabuming raka ungkap fakta temu prabowo salah satu saran prabowo gibran maju pilgub dki jateng,true,2
280,ombudsman rencana umum hasil investigasi migor juli,true,2
281,sirkuit formula ancol pinjam gelar balap jalan,true,2
282,anies masuk calon presiden partai nasdem anies aku jalan tugas wenang gubernur dki oktober,true,2
283,cerita suriname negara amerika selatan warga fasih bahasa jawa,true,2
284,viral driver ojol bekas pesan makan pakai sepeda,clickbait,0
285,motor nyangkut bambu sleman,clickbait,0
286,pesan gamblang poyuono tolak revisi kpk,clickbait,0
287,detik detik kendara alami celaka untun cipularang,clickbait,0
288,kocak maling rumah mewah jakut rekam cctv bingung cari jalan kabur,clickbait,0
289,luas jabar tantang sintang siap generasi emas,clickbait,0
290,viral video duga baku tembak sleman polisi,clickbait,0
291,waspada tipu catut pertamina korban rugi puluh juta,clickbait,0
292,jaksa kan senpi peluru tajam beli kivlan zen rinciannya,clickbait,0
293,quality time keluarga manfaat,clickbait,0
294,menteri jokowi profesional kandidat,clickbait,0
295,pilih capim kpk cacat yuridis saran samad dpr,clickbait,0
296,pria misterius jubah putih viral sumut ingat tuhan murka,clickbait,0
297,video porno sumedang sebar per pria motif,clickbait,0
298,ungkap video porno sumedang peran pasang selingkuh,clickbait,0
299,detik detik cekam ampo rumah makan gratis duafa bogor,clickbait,0
300,kendara listrik bebas atur ganjil genap alas,clickbait,0
301,bijak gila jokowi,clickbait,0
302,pemkot pekanbaru libur smp kabut asap,clickbait,0
303,ribu hektare lahan bakar udara palembang sehat,clickbait,0
304,viral bocah bekas tewas akibat bully ketua,clickbait,0
305,anggota dprd banten ramai ramai gadai kemendagri,clickbait,0
306,yuk bantu jokowi cari menteri ikut polling detikcom,clickbait,0
307,anggota dprd banten gadai komisi dpr tutup utang kampanye,clickbait,0
308,adu tetap sangka veronica koman komnas ham,clickbait,0
309,viral video korban celaka maut nganjuk bikin video tabrak,clickbait,0
310,poin aspirasi tokoh papua temu jokowi istana,clickbait,0
311,viral rampok celurit satron rumah makan gratis duafa bogor,clickbait,0
312,perhati nama nama kandidat menteri jokowi,clickbait,0
313,kerja butuh tambang australia otomatisasi marak,clickbait,0
314,acara kivlan zen jalan sidang tunggu tunggu,clickbait,0
315,pasang status single hidup novy chardon,clickbait,0
316,sidang gugat ikan koi mati saksi pln bicara,clickbait,0
317,opsi pdam surabaya ribu langgan nikmat air,clickbait,0
318,fenomena anggota dprd gadai bank gejala,clickbait,0
319,kabar denda juta beli zona merah pkl bandung,clickbait,0
320,tuduh hamil perempuan muda kades booking,clickbait,0
321,geram keluarga hoax habibie tinggal dunia,clickbait,0
322,tum fpi bingung panggil makar april polisi,clickbait,0
323,harap sri mulyani komarudin hidayat rektor 2019 2024,clickbait,0
324,video detik detik mahasiswa rusak pagar dpr,clickbait,0
325,celaka maut lampung tewas orang,clickbait,0
326,sebab sulit padam bakar gunung sumbing,clickbait,0
327,menlu indonesia timor leste australia temu pbb bahas,clickbait,0
328,lokasi duga mahasiswa halu oleo kendari tembak,clickbait,0
329,purnomo teguh daftar cawalkot solo peluang gibran tutup,clickbait,0
330,rapat gabung pimpin mpr sepakat ubah tata tertib rinciannya,clickbait,0
331,panas mahasiswa demo pro kpk lempar botol dpr,clickbait,0
332,lsm safenet ruu kks bikin bssn lembaga superbody,clickbait,0
333,ylbhi mahasiswa kontak demo dpr polri,clickbait,0
334,video demo mahasiswa bandung panas,clickbait,0
335,aku gila laku perkosa bondowoso,clickbait,0
336,viral pasang abg depok buat mesum kontra gerebek polisi,clickbait,0
337,alas hakim vonis umur hidup prada deri mutilasi kasih,clickbait,0
338,prabowo singgung angka stunting indonesia what wrong,clickbait,0
339,enas orang keluarga tewas serang arab saudi yaman,clickbait,0
340,tukang gigi demo ruu kuhp pasal batal,clickbait,0
341,demo mahasiswa tunggang,clickbait,0
342,edar video polisi riak tni mes pati tni jelas polri,clickbait,0
343,viral api muncul tanah ponorogo,clickbait,0
344,bikin adem polwan surabaya lantun asmaul husna sambut demo,clickbait,0
345,tuntut mahasiswa demo dpr,clickbait,0
346,alas bogor bandung kota favorit lomba sepeda,clickbait,0
347,pasu asmaul husna polwan dingin tensi demo surabaya,clickbait,0
348,politikus jurnalis cocok mensos,clickbait,0
349,belah batu bensin ambulans pemprov dki aman polisi,clickbait,0
350,pospol tomang bakar,clickbait,0
351,hore gunung sampah pinggir kali ciliwung cilebut bersih minggu,clickbait,0
352,legal konsumsi wilayah rumah tanam pohon ganja,clickbait,0
353,ajar demo ricuh malam mendikbud,clickbait,0
354,pasal unggas jalan jalan ruu kuhp konkret yuk baca,clickbait,0
355,ngaku perkosa lapor mahasiswi palsu,clickbait,0
356,viral ajar tewas demo dpr jadi,clickbait,0
357,gempa ambon kamis pagi fakta,clickbait,0
358,siswa demo turun jalan disdik jateng,clickbait,0
359,tok dpr sahkan ruu bela negara,clickbait,0
360,seru mantan suami istri tarung pilkades serentak sragen,clickbait,0
361,bahaya konsep domein verklaring ruu tanah,clickbait,0
362,gotong keranda mayat save kpk massa gejayan panggil innalillahi,clickbait,0
363,inovasi tim dentsu menang young spikes indonesia,clickbait,0
364,duarr bahan ledak duga teroris jakut didisposal warga tepuk tangan,clickbait,0
365,pasal pasal kontroversial ruu tanah,clickbait,0
366,ungkit aksi 1998 tuntut massa gejayanmemanggil,clickbait,0
367,staf presiden kunjung banyuwangi lho tuju,clickbait,0
368,demo dpr siang cek rekayasa lintas,clickbait,0
369,ngeri aligator temu hidup kolam sekolah,clickbait,0
370,miris gunung sampah meter tepi sungai ciliwung cilebut bogor,clickbait,0
371,jokowi kumpul menko polhukam menkum ham bahas situasi aman,clickbait,0
372,indonesia lirik sidang majelis pbb alas,clickbait,0
373,enas beruang liar pria tembak mati putra,clickbait,0
374,rkuhp denda gelandang maksimal juta cerita emis tajir,clickbait,0
375,heboh layar digital lampu merah garut tampil kotor,clickbait,0
376,doa malas senin biar semangat pekan,clickbait,0
377,mulan jameela tetap anggota dpr jelas gerindra,clickbait,0
378,ruu kuhp yuk baca putus zina lgbt,clickbait,0
379,program manis manja kaum wanita malang urus sim,clickbait,0
380,tunggu jokowi theseus,clickbait,0
381,pengantin duga teroris jakut tinggal surat wasiat,clickbait,0
382,alas golkar rotasi anggota komisi jelang fit proper bpk,clickbait,0
383,masyarakat simeulue antisipasi tsunami,clickbait,0
384,rekayasa lalin lokasi aksi gejayan panggil,clickbait,0
385,rusuh wamena rangkai fakta fakta,clickbait,0
386,gelombang demo tolak lemah kpk indonesia titik titik,clickbait,0
387,china long march massa aksi lintas toko magelang,clickbait,0
388,ruu pks beda nasib ruu kpk fakta fakta,clickbait,0
389,heboh timbang beras bpnt kurang pemkab sumedang,clickbait,0
390,viral cuit sekolah pinter biar gajadi polisi ridwan kamil hoax,clickbait,0
391,demo jokowi panggil jabat jabat istana,clickbait,0
392,dpr sahkan ruu aman siber september,clickbait,0
393,diskon trans semarang halte bayar aja,clickbait,0
394,wanita tubuh isi bukti bikin pria bahagia,clickbait,0
395,kronologi lengkap pemuda bandung tusuk gadis puja cinta tolak,clickbait,0
396,sarap bikin ngantuk mitos fakta,clickbait,0
397,pikap tabrak rumah kebon jeruk huni luka,clickbait,0
398,unggah foto habibie syahrini moga temu ainun surga,clickbait,0
399,acung pisau pria resah unjung pantai kuta,clickbait,0
400,anggar sri mulyani anggota dpr curhat jebak lift,clickbait,0
401,senang suporter thailand hadiah jersey syal indonesia,clickbait,0
402,jelas bekas video pukul siswa teman teman,clickbait,0
403,sibuk batal temu pimpin kpk agenda jokowi hari,clickbait,0
404,spanduk pecel lele obat kuat jakmania kritik persija,clickbait,0
405,aplikasi google fitur fitur kamera pixel,clickbait,0
406,fakta tarik animasi spongebob squarepants,clickbait,0
407,chris hemsworth natalie portman bintang utama thor love and thunder,clickbait,0
408,anggota pansus pindah kota bentuk dpr,clickbait,0
409,temu baru sebab punah dinosaurus,clickbait,0
410,cerita saut ajak makan pecel pimpin kpk tulis surat undur,clickbait,0
411,live streaming tim dokter kondisi sehat habibie,clickbait,0
412,ketua hipmi lempar isyarat longgar respon presiden jokowi,clickbait,0
413,cinta tolak pemuda bandung tusuk gadis puja,clickbait,0
414,tarik mata mata rusia alami buta,clickbait,0
415,cerita gabby perempuan meter tolak lamar kerja,clickbait,0
416,fakta bocah cabul bunuh pergi ngaji diimingi uang jerat sarung,clickbait,0
417,viral video gerebek pasang selingkuh inap buleleng disidak,clickbait,0
418,diskriminasi langgar ham nilai akar papua sentuh,clickbait,0
419,jelang perintah menteri jokowi pamit,clickbait,0
420,gagal rencana 000 orang main petak umpet ikea,clickbait,0
421,reaksi shandy aulia hadap netizen julid,clickbait,0
422,tarung buaya meter anakonda meter menang,clickbait,0
423,langkah ditjen imigrasi terima surat cegah cabut paspor veronica koman,clickbait,0
424,fakta celaka bus mira innova nganjuk madiun ambil video tumpang tewas,clickbait,0
425,hasrat catur andal indonesia piala dunia fide,clickbait,0
426,dprd ban serep ridwan kamil ruzhanul,clickbait,0
427,anak posesif nicky tirta larang wanita,clickbait,0
428,dirut sriwijaya air copot,clickbait,0
429,viral mutih sim mati polisi hoax,clickbait,0
430,seniman tolak revisi kpk,clickbait,0
431,bocor foto daihatsu sigra facelift,clickbait,0
432,lambai tangan meghan markle ramai final open,clickbait,0
433,cari cosplayer suka kostum karakter jawab,clickbait,0
434,lanjut kuat kurs rupiah bank,clickbait,0
435,sisi buruk tote bag ganti kantong plastik,clickbait,0
436,pesan istri gantung cekcok suami foto peluk,clickbait,0
437,alas museum sejarah bentoel malang jual,clickbait,0
438,luhut sus pamit,clickbait,0
439,tips niat pelihara kodok,clickbait,0
440,karyawan amazon turun jalan laku protes alas,clickbait,0
441,siji beda nikmat koleksi museum seni rupa keramik,clickbait,0
442,pilih jenis gelas pengaruh kopi,clickbait,0
443,waspada bahaya polutan udara ruang,clickbait,0
444,sri mulyani rekam medis 267 juta duduk identifikasi,clickbait,0
445,fakta terap sistem ganjil genap jakarta barat,clickbait,0
446,bayar 000 masuk museum jakarta,clickbait,0
447,cerita bupati mamberamo papua puluh mahasiswa pilih pulang kampung,clickbait,0
448,menteri sus maaf aku tengil,clickbait,0
449,beda teknologi hybrid power nissan note,clickbait,0
450,beda tari cabut paspor jelas pakar hukum,clickbait,0
451,dul jaelani tolong maaf maaf,clickbait,0
452,kerja tembak kapal menteri sus,clickbait,0
453,fakta sopir truk tanah sangka tabrak untun bintaro,clickbait,0
454,kemal mochtar hasil turun berat badan tahun rahasia,clickbait,0
455,polisi pergok busana istri orang sanksi,clickbait,0
456,kerap arak orang jepang mikoshi,clickbait,0
457,bayang indonesia,clickbait,0
458,cerita jatuh bangun milik warung dian barokah unhas langgan mahasiswa,clickbait,0
459,ajak perang gubernur malu menteri sus,clickbait,0
460,viral kendara keluar jurus silat kena razia polisi,clickbait,0
461,fakta kabut asap sumatera kalimantan terbang batal warga sesak nafas,clickbait,0
462,kisah pasien tandu puskesmas ambulans desa selamat lahir,clickbait,0
463,cukai rokok timbang perintah,clickbait,0
464,viral tumpang diri jam pesawat istri tidur,clickbait,0
465,manfaat renang tubuh remeh,clickbait,0
466,capim kpk kunci surat meterai,clickbait,0
467,viral video wanita bugil motor keliling samarinda kronologi jadi,clickbait,0
468,polemik djarum kpai ujung stop audisi,clickbait,0
469,sby titik air mata,clickbait,0
470, populer entertainment  armand maulana juri anak the voice penjara santun ahmad dhani henti,clickbait,0
471,tilang ganjil genap urus denda tilang,clickbait,0
472,espresso istilah kedai kopi,clickbait,0
473,makan pisang sarap alas,clickbait,0
474,duduk perkara ratus mahasiswa papua pilih pulang kampung maklumat,clickbait,0
475,kota kritik ridwan kamil luas komentar gubernur kaltim,clickbait,0
476,samsung galaxy a20s bekal kamera,clickbait,0
477,pindah kota pengaruh arus era kendara listrik,clickbait,0
478,sekolah tuju andreas asuh wali kota malang,clickbait,0
479,fakta ungkap sidang narkoba jefri nichol,clickbait,0
480,main nba gaya ala ninja,clickbait,0
481,bayang ekuinoks beda jelas,clickbait,0
482,turun berat badan kemal mochtar jaga porsi makan gerak,clickbait,0
483,unik saudara kembar lantik kepala desa gresik,clickbait,0
484,harga emas dunia turun untun,clickbait,0
485,keluh kendara terap luas ganjil genap,clickbait,0
486,awas virus joker hapus aplikasi ponsel android,clickbait,0
487,heboh selingkuh ujung bunuh sisi klinis,clickbait,0
488,alas rafli main striker arema,clickbait,0
489,kabar baru ria irawan ajar bicara radioterapi,clickbait,0
490,reaksi langgar ganjil genap coba suap tugas telepon kerabat,clickbait,0
491,fakta tarik ganjil genap jakarta timur,clickbait,0
492,sakit tbc sebab gejala obat cegah,clickbait,0
493,bikin rumah minim cahaya alami terang,clickbait,0
494,viral video polisi razia mertua operasi patuh jelas kasatlantas polres bojonegoro,clickbait,0
495,santun juta ahmad dhani keluarga korban celaka dul,clickbait,0
496,iphone laris semester 2019,clickbait,0
497,cerita paul cummings fasilitas disabilitas stadion kanjuruhan,clickbait,0
498,cerita ton sampah ramai festival jak japan matsuri,clickbait,0
499,selebriti perempuan lawan diskriminasi usia hollywood,clickbait,0
500,lamar cpns usia posisi,clickbait,0
501,serba serbi terap luas ganjil genap jalan gunung sahari,clickbait,0
502,putar serentak september fakta film warkop dki reborn,clickbait,0
503,kepung kabut asap pekat sekolah libur siswa,clickbait,0
504,temu jokowi istana tokoh tokoh papua aju minta,clickbait,0
505,bank tawar bunga deposito tinggi,clickbait,0
506,siap mobil tua touring jarak,clickbait,0
507,calya sigra facelift luncur simak harga bekas,clickbait,0
508,kapal vietnam masuk zee indonesia menteri sus,clickbait,0
509,panas panas minum asli indonesia bikin segar,clickbait,0
510,mobil tua perancis jelma mobil listrik  video ,clickbait,0
511,batas mobil tua harap komunitas volkswagen indonesia,clickbait,0
512,mari bantu novi hamil korban obat kedaluwarsa,clickbait,0
513,kendara tanggung pidana,clickbait,0
514,betrand peto resmi pindah jakarta sekolah,clickbait,0
515,kronologi celaka bus mira innova nganjuk madiun,clickbait,0
516,jack putus pensiun alibaba hadap kondisi sulit,clickbait,0
517,fakta zara jkt48 peran virgo,clickbait,0
518,ruzhanul dprd ban serep tanggap ridwan kamil,clickbait,0
519,anggar pilkada surakarta 2020 capai miliar rinciannya,clickbait,0
520,viral video kendara motor menang jaring razia gara gara keponakan,clickbait,0
521,koki nicky tirta tembak murid perempuan,clickbait,0
522,laku cegah imigrasi pulang veronica koman,clickbait,0
523,video youtube lot smartphone atas,clickbait,0
524,cerita kamga hondo final ahead challenge 2019,clickbait,0
525,catat susy susanti main elite china open 2019,clickbait,0
526,anak habibie ayah doa,clickbait,0
527,cerita prajurit tni tidur hutan padam api karhutla,clickbait,0
528,pria tewas enas tabrak kereta api lewat lintas,clickbait,0
529,jokowi 141 juta duduk kelas 2020 maksud,clickbait,0
530,alas terowongan tol cisumdawu mrt,clickbait,0
531,toyota calya 2019 luncur simak detail harga,clickbait,0
532,lemah kurs rupiah bank,clickbait,0
533,alas trotoar kalimalang jalan,clickbait,0
534,ekspor ikan indonesia kalah vietnam,clickbait,0
535,tips tampil unggul banding kandidat cari kerja,clickbait,0
536,kenang chrisye rokok kanker paru hantu,clickbait,0
537,pek suhu bengkulu dingin sebab,clickbait,0
538,singgung iriana jokowi kondisi kini kali bahagia bekas,clickbait,0
539,perempuan hamil sadar kandung,clickbait,0
540,hasil jepret ponsel kamera oppo 2020,clickbait,0
541,modal desa kutuh raup puluh miliar rupiah,clickbait,0
542,wenang dewan awas awas kerja kpk,clickbait,0
543,status waspada kondisi gunung slamet,clickbait,0
544,pemprov dki potong tunggak pajak persen rinciannya,clickbait,0
545,kabut asap ganggu terbang tumpang,clickbait,0
546,istri usia lahir bayi kembar pria kena serang jantung,clickbait,0
547,unggul daihatsu sigra,clickbait,0
548,tarik balkonjazz festival 2019 pasar balkon tutup yura yunita,clickbait,0
549,pulang kerja daftar harga tiket laga timnas,clickbait,0
550,fitur tarik toyota calya wajib,clickbait,0
551,alas kolonel beben maju pilkada tangsel 2020,clickbait,0
552,daihatsu sigra 2019 resmi luncur ubah,clickbait,0
553,terbang lion air group batal akibat kabut asap daftar,clickbait,0
554,kalah marquez quartararo,clickbait,0
555,fakta dampak kabut asap karhutla udara sehat siksa rakyat,clickbait,0
556, populer nusantara  viral celaka tunggal tol jagorawi veronica koman angkat bicara,clickbait,0
557,kilang aramco serang drone harga minyak tembus 100 dollar,clickbait,0
558, populer nasional  kpk surat xanana keluarga habibie,clickbait,0
559,wisata malang batu cocok keluarga,clickbait,0
560,tuduh polisi bantah veronica koman,clickbait,0
561,terminal bandara soekarno hatta terminal traveloka,clickbait,0
562,lahan usaha sawit kalbar segel kait karhutla daftar,clickbait,0
563,pdi dukung jokowi revisi kpk alas,clickbait,0
564,daftar makan cuci masak,clickbait,0
565,tulis ambil formulir calon wali kota tangsel pdi,clickbait,0
566,investor asing tarik bangun lrt jawa timur,clickbait,0
567,wisata gratis instagramable bal,clickbait,0
568,tips dewasa hidup kencan,clickbait,0
569,anak sering main dampak,clickbait,0
570,sebab bayi sumsel tinggal sesak napas duga papar kabut asap,clickbait,0
571,independensi wenang kpk ancam pangkas,clickbait,0
572,demokrat aja bentuk koalisi gemuk pdi pilkada depok,clickbait,0
573,tentu sadap atur draf revisi kpk,clickbait,0
574,kenal lafal sigra sumbang jual besar daihatsu,clickbait,0
575,bus persib lempari batu main luka kronologi,clickbait,0
576,jadwal update android ponsel realme,clickbait,0
577,ubah eksterior interior toyota calya 2019,clickbait,0
578,viral plus minus toyota calya daihatsu sigra,clickbait,0
579,intip arloji seiko tema monster hunt,clickbait,0
580,kronologi wna tewas akibat speed boat balik devil tear lembongan,clickbait,0
581,fahri hamzah usul jokowi lantik firli alas,clickbait,0
582,kisah mistis nan romantis danau asmara permata timur flores,clickbait,0
583,varian harga lengkap daihatsu sigra 2019,clickbait,0
584,takut sita alas pria kena tilang bakar motor,clickbait,0
585,galaxy galaxy note,clickbait,0
586,driver grabcar beli rumah bunga kpr syarat,clickbait,0
587,riau provinsi bakar hutan parah 2019,clickbait,0
588,sebab rendah minat baca anak indonesia,clickbait,0
589,orang sangka rusuh papua barat dpo peran,clickbait,0
590,agam modifikasi komunitas kendara listrik  video ,clickbait,0
591,candu main game online pemuda alami buta,clickbait,0
592,viral stand comedy kiky saputri bikin fadli zon geleng geleng kepala,clickbait,0
593,eko takut henti viral pesan food pakai sepeda,clickbait,0
594,tahap kompetisi voli liga mahasiswa jawa timur,clickbait,0
595,kenal gadis anggota dprd malu usia,clickbait,0
596,viral artis indonesia nama setia gara menang siksa suami,clickbait,0
597,viral nyanyi setia gara aku alami kdrt amerika serikat,clickbait,0
598,capai umj liga mahasiswa 2019,clickbait,0
599,curi mata pemuda candu game online alami buta,clickbait,0
600,fadli zon marah roasting komika kiky saputri,clickbait,0
601,kemenhub kumpul 200 operator dump truck sore,clickbait,0
602,seri ortu paham minat bakat,clickbait,0
603,olah sayur nutrisi hilang,clickbait,0
604,tips masyarakat aman pakai gas elpiji,clickbait,0
605,kronologi nenek iyah bunuh mayat bakar utang ribu,clickbait,0
606,gelar runding lucut senjata nuklir korea utara,clickbait,0
607,makan bal penasaran turis asing,clickbait,0
608,urus ranjang urus negara,clickbait,0
609,kronologi celaka tunggal tol jagorawi tewas orang,clickbait,0
610,kabut asap riau tips cegah tangan sehat,clickbait,0
611,spongebob squarepants animasi tegur kpi,clickbait,0
612,tewas akibat suzuki apv guling tol jagorawi sebab,clickbait,0
613,alas veronica koman buka suara,clickbait,0
614,diri kaskus andrew darwis lapor polisi kronologi versi lapor,clickbait,0
615,dapat beasiswa didik 200 juta siswa sma jabodetabek,clickbait,0
616,tim lolos euro futsal championship 2019 palembang,clickbait,0
617,seru kompas com gelar acara jejak daki meru,clickbait,0
618,celaka tol jagorawi tumpang lempar kabin mobil sabuk kam,clickbait,0
619,kronologi lempar bus persib bandung,clickbait,0
620,halmahera selatan guncang gempa beda guncang juli,clickbait,0
621,trik ringan jaga kecerahaan warna cat mobil,clickbait,0
622,sukses bisnis buzzer media sosial laku,clickbait,0
623,hiu bumi hilang,clickbait,0
624,daftar harga mobil bekas 100 juta avanza xenia,clickbait,0
625,tips jaga sehat kulit ala catherine wilson,clickbait,0
626,kpk cerita berantas korupsi era soekarno soeharto,clickbait,0
627,kpk semangat reformasi era habibie mati era jokowi,clickbait,0
628,tahan imbang tira persikabo robert alberts lemah persib,clickbait,0
629,digital marketing sukses pasti sifat,clickbait,0
630,ngaku anak kenal kantin balsem legendaris,clickbait,0
631,komentar marquez rossi insiden sesi kualifikasi san marino,clickbait,0
632,modal butuh bisnis franchise,clickbait,0
633,kpi sanksi spongebob squarepants sebab,clickbait,0
634, populer otomotif  daftar harga mobil motor bekas mobil listrik,clickbait,0
635,tips uang gerus inflasi,clickbait,0
636,fakta lengkap ledak mako brimob jateng anggota luka warga takut pulang,clickbait,0
637,daftar top skor liga inggris tammy abraham sama aguero,clickbait,0
638,viral tipu ojek online kedok istri sakit dengar,clickbait,0
639,jalan jalan ala bts pasar unik serba murah seoul,clickbait,0
640,manfaat tidur siang tingkat memori jantung,clickbait,0
641,cerita alam player escort laga tira persikabo persib,clickbait,0
642,saut situmorang kpk pasca pimpin serah mandat presiden,clickbait,0
643,kabut asap riau daftar terbang lion air tunda batal,clickbait,0
644,amat aneh trotoar kalimalang jalan,clickbait,0
645,cerita komika kiky saputri siap materi roasting fadli zon singkat,clickbait,0
646,malaysia hadap uni emirat arab,clickbait,0
647,esemka mobil dinas harap sekda jateng,clickbait,0
648,chevrolet captiva baru luncur thailand indonesia,clickbait,0
649,strategi makan enak budget batas,clickbait,0
650,layang surat berat poin tuntut persib lib,clickbait,0
651,prioritas desain ruang kerja rumah,clickbait,0
652,wilayah jakbar tinggi langgar ganjil genap alas,clickbait,0
653,indonesian idol gelar musisi juri,clickbait,0
654,ganggu paru efek polusi udara tubuh,clickbait,0
655,jokowi lemah usaha muda indonesia,clickbait,0
656,capai kini timnas olahraga breaking indonesia,clickbait,0
657,keruk emas tanah leluhur,clickbait,0
658,misteri sebab ribu ikan mati dadak ambon ungkap,clickbait,0
659,fakta ancam bupati bone bolango warga rokok,clickbait,0
660,beasiswa irlandia ikut syarat tahap,clickbait,0
661,gejolak kabut asap prediksi dinamika atmosfer indonesia,clickbait,0
662,sebab celaka tol jagorawi tewas orang,clickbait,0
663,jokowi tuju kpk terbit sp3 mekanisme,clickbait,0
664,anita wahid paham langkah kpk serah mandat presiden,clickbait,0
665,rumah nanas spongebob dunia nyata yuk intip,clickbait,0
666,daftar lengkap maskapai terminal bandara soekarno hatta,clickbait,0
667,cegah kutu pergi,clickbait,0
668,diet dampak buruk kuat tulang alas,clickbait,0
669,kisah bayi spesial lahir serba,clickbait,0
670,alas mahfud kpk serah mandat presiden,clickbait,0
671,bukalapak kabar phk karyawan,clickbait,0
672,jadwal update emui android ponsel huawei,clickbait,0
673,badan gabby tambah capai meter,clickbait,0
674,selidik 111 buruh racun polisi periksa milik warung makan,clickbait,0
675,waspada hoaks saing umkm pangan,clickbait,0
676,usaha tumbuh simak tips bisnis sukses ryan margolin,clickbait,0
677,jenis olahraga bikin mitos fakta,clickbait,0
678,lihat aksi mutia ayu istri glenn fredly ajar saji papeda,clickbait,0
679,ekspor riau turun kabut asap,clickbait,0
680,alas bayi lahir keluar air mata keringat,clickbait,0
681,curhatan omid nazar korban lempar bus persib,clickbait,0
682,jalan kaki stasiun bogor wisata murah bogor,clickbait,0
683,kritik pimpin kpk irama,clickbait,0
684,identitas mayat perempuan temu irigasi,clickbait,0
685,bocor harga toyota calya facelift juta,clickbait,0
686,cerita eko driver food kayuh sepeda bekas rajin ngalong langgan bintang,clickbait,0
687,indonesia thailand alas suporter tamu takut jakarta,clickbait,0
688,kabut asap landa kenal gejala ispa intai,clickbait,0
689,google tantang tumbuh startup indonesia,clickbait,0
690,kenal cardiac arrest sebab tewas lari bal marathon,clickbait,0
691,foto hamil nyinyir netizen shandy aulia,clickbait,0
692,stigma kusta,clickbait,0
693,cerita keluarga tetangga denpasar anggota keluarga lumpuh,clickbait,0
694,impor indonesia china merosot tajam,clickbait,0
695,helat sos run care 2019 donasi kumpul,clickbait,0
696,tanam mati dunia salah satu indonesia,clickbait,0
697,batas pkl jual trotoar,clickbait,0
698,mahasiswa dpr fasis anti demokrasi,clickbait,0
699,ucap nama main liga champions,clickbait,0
700,mahasiswa pariwisata kiat sukses industri hospitality,clickbait,0
701,beda yukata kimono,clickbait,0
702,sebab impotensi pria derita diabetes,clickbait,0
703,cerita komika kiky saputri gagal tampil hadap presiden jokowi,clickbait,0
704,coba coba palsu pelat kendara ganjil genap polisi beda,clickbait,0
705,alas sehat umur kivlan zen aju tangguh tahan,clickbait,0
706,simak tips investasi ala tenis andy roddick,clickbait,0
707,sabar aiptu aris bentak bentak langgar ganjil genap,clickbait,0
708,anang ashanty jual rumah mewah cere tarik beli,clickbait,0
709,viral curi lari rumah korban bingung cari jalan,clickbait,0
710,bangun kota tangkal risiko resesi,clickbait,0
711,kenang chrisye karya sang legendaris mati,clickbait,0
712,warga jabar makan kecap kerupuk pakar gizi,clickbait,0
713,zodiak hubung pribadi,clickbait,0
714,alas irish bella ammar zoni rahasia jenis kelamin calon bayi,clickbait,0
715,isu ganti simon mcmenemy tanggap rahmad darmawan,clickbait,0
716,raline shah rela bolak amerika indonesia,clickbait,0
717,rutin makan jamur turun risiko kanker prostat pria,clickbait,0
718,simpan twit orang twitter tahu follower,clickbait,0
719,cerita bripka eka nyangkut kap mobil 200 meter tilang kendara,clickbait,0
720,once kabar republik cinta management bangkrut,clickbait,0
721,video ampo rumah makan gratis bogor viral jadi,clickbait,0
722,andre taulany diskon beli harley,clickbait,0
723,yuk intip koleksi mobil presiden wakil presiden museum joang,clickbait,0
724,wapres jusuf kalla tuju dewan awas kpk,clickbait,0
725,tarif cukai rokok saing industri,clickbait,0
726,alas shandy aulia mati kolom komentar foto hamil,clickbait,0
727,pemprov riau buka posko korban asap pekanbaru daftar,clickbait,0
728,mahasiswa sodor poin karhutla gubernur sumsel mundur,clickbait,0
729,bahan makan bantu atas asma,clickbait,0
730,kawasan pariwisata super prioritas kucur triliun,clickbait,0
731,liga champions main bintang absen laga psg real madrid,clickbait,0
732,cumbu tubuh indah wakil indonesia oscar 2020 garin nugroho,clickbait,0
733,gaji rendah anggota zita anjani pimpin dprd dki,clickbait,0
734,polisi tindak langgar ganjil genap lolos,clickbait,0
735,napoli liverpool tekad tuan rumah kalah juara tahan,clickbait,0
736,tren busana pria plaza indonesia men fashion week 2019,clickbait,0
737,pakai masker sebab sakit legionnaires,false,1
738,instruksi gubernur jateng tilang masker muka 150 000 tilang via apps pikobar,false,1
739,foto jim rohn jokowi presiden baik dlm sejarah bangsa indonesia,false,1
740,politik nyata jokowi hasil pulang 000 triliun uang negara swiss,false,1
741,foto kadrun kalo lihat foto panas dingin,false,1
742,event promo smartphone jne 2020 spesial juni,false,1
743,kuasa negri,false,1
744,foto presiden italia menang lahan kubur 700an korban corona,false,1
745,kapolres timor utara nusa tenggara timur klarifikasi kait video polisi diam korban celaka,false,1
746,video polisi china aniaya wanita uighur leher cekik pake kaki,false,1
747,jokowi sedia undur,false,1
748,info jalur rawan begal himbauan malam kapolres cianjur,false,1
749,dirut agung podomoro land cosmas batubara tinggal dunia,false,1
750,sby telepon moeldoko suruh jokowi aku kalah,false,1
751,foto anak rohingya siksa komunis,false,1
752,orang cina ktp cilacap nama karsono,false,1
753,fadli zon warga indonesia pilih prabowo pilpres 2019 usir indonesia,false,1
754,pesan beranta undi hadiah menteri tenaga kerja kerja migran indonesia hongkong,false,1
755,indonesia penuh pki,false,1
756,demo konflik ojek online angkut bandung,false,1
757,hati hati panggil telpon nomor kenal,false,1
758,larang anti miras minimarket tiada rezim jokowi paska gobel,false,1
759,corona hoaks,false,1
760,kapal kargo angkut kadrun tenggelam laut china selatan,false,1
761,foto gubernur anies makan kumpul orang jawa tulen,false,1
762,mulan jameela undur dpr,false,1
763,video fkppi bandung kumpul monas siaga ruu hip syah dpr,false,1
764,bantu positif corona jaring,false,1
765,foto sudjiatmi siksa alam barzakh,false,1
766,damai corona jokowi perintah kalah serah,false,1
767,terima stiker pesan whatsapp kena biaya,false,1
768,foto mahfud aku ashraf nikah bcl,false,1
769,culik umur anak jadi angkot lebak bulus parung ibunda bayi hipnotis,false,1
770,virus corona apartemen taman anggrek,false,1
771,presiden cina jinping unjung masjid umat islam doa negeri landa krisis,false,1
772,pesan beranta biaya tilang,false,1
773,video jokowi pucat sby laku korupsi,false,1
774,all jakarta water park,false,1
775,ganti kartu keluarga warga dki jakarta,false,1
776,usus ibu makan bayi,false,1
777,foto awan keri jepang,false,1
778,narasi presiden korea utara hukum jabat korupsi,false,1
779,almarhum habibie formasi jas merah mob umm,false,1
780,tugas tewas setrum baik listrik,false,1
781,negeri berita prabowo the next presiden,false,1
782,ketua kpu umroh bareng jokowi,false,1
783,tiket promo kereta api hut bumn,false,1
784,simulasi orang gila bawa tps milu,false,1
785,broadcast whatsapp info test seleksi gtt ptt,false,1
786,puan maharani buka posko logistik reuni 212,false,1
787,terbang pesawat hercules gratis palu keluarga korban gempa tsunami,false,1
788,capt pribadi kemudi pesawat mengijinkan neno warisman,false,1
789,alquran klaim quran palsu edar,false,1
790,yel yel kecebong rencana susup cfd,false,1
791,kecam nyata said aqil neno warisman terima,false,1
792,rang allah kung,false,1
793,permen susu kandung narkoba,false,1
794,konser anies sandi menang telak,false,1
795,poster aksi damai bela islam cantum nama foto gatot nurmantyo,false,1
796,nyata danjen kopassus dukung fpi,false,1
797,gambar salib barang bantu bencana,false,1
798,aksi 212 harga rekor dunia,false,1
799,foto petinggi polisi izin demo neo pki,false,1
800,tulis ria pancasila abdul muti med,false,1
801,tugas rapid test jarang ganti sarung tangan tular covid pasien,false,1
802,video dokter bule,false,1
803,vietnam korban tinggal covid teh lemon,false,1
804,ratus warga china tetap indonesia singapura virus corona,false,1
805,orang infeksi virus corona parepare,false,1
806,the simpsons 1993 prediksi corona virus china,false,1
807,bakar quran jari tangan pria hitam busuk keluar bau jijik,false,1
808,marak lowong kerja mengatasnamakan usaha inalum masyarakat waspada,false,1
809,cepat cek jantung air batu,false,1
810,presiden jokowi leceh bendera merah putih,false,1
811,sunting video merry riana indonesia bubar,false,1
812,bau jawa jayapura hancur,false,1
813,hendropriyono tinggal singapura,false,1
814,bahaya semut kutu jepang utk diabetes,false,1
815,cnn indonesia berita judul sertifikat ganda kerja rezim jokowi,false,1
816,paham politik gak sih,false,1
817,judul berita prabowo aji butuh pimpin negara,false,1
818,kalimantan barat panas,false,1
819,sangka ujar benci dosen usu himma dewiyana bebas,false,1
820,dedi mulyadi hamil siswi mts,false,1
821,tuduh curi medali milik bambang pamungkas muhammad yusuf buka suara,false,1
822,malam jam pagi keliling kabah,false,1
823,daftar serta uji nyali dunia trans pabrik mercon,false,1
824,kartu sim indosat smarfren telkomsel sadap badan intelijen,false,1
825,rombong anies sandi tilang milik izin patwal puncak bogor,false,1
826,foto john kei sunting,false,1
827,laku bom kampung melayu anggota polisi,false,1
828,pembubabaran aji ustad khalid basalamah banser,false,1
829,foto helikopter tank dunia buat turki pakistan,false,1
830,krim merek aice bos orang cina bahan kimia,false,1
831,video anak muslim siksa budha myanmar,false,1
832,foto rusuh demo anti trump amerika serikat,false,1
833,bentrok ormas gera jaga indonesia fpi lpi hti kota bandung juli 2020,false,1
834,video celaka maut air terjun uluk til belu ntt,false,1
835,alir komunis gera pki bangkit pdip,false,1
836,gubernur jakarta anies baswedan harga baik dunia tangan covid,false,1
837,masyarakat new zealand ajar wudhu,false,1
838,polisi india indonesia,false,1
839,pasu tentara bantu lawan virus corona new york,false,1
840,video keluyur luar rumah malaysia tembak api pakai drone,false,1
841,antisipasi corona bumn dki tutup,false,1
842,jokowi halal lengser,false,1
843,sandiwara dagel koplax perskusi viralkan lapor maaf maaf,false,1
844,edar surat rekrutmen satpol kepala satpol damkar sintang angkat bicara,false,1
845,ketua kpu imbau masyarakat hormat hasil milu curang,false,1
846,universitas brawijaya umm bantah libur kuliah aksi mahasiswa,false,1
847,luthfi abdul had maaf kiai said aqil siroj,false,1
848,asosiasi guru bahasa sastra indonesia kecam anies baswedan,false,1
849,khoirul anwar temu lte,false,1
850,syukur jokowi,false,1
851,video polisi tembak saksi rekap pleno kpu,false,1
852,masuk satu tunanetra indonesia kait braile surat suara jakarta salah,false,1
853,hasil scanning port bolong,false,1
854,rekrutmen pindad,false,1
855,mark zuckerberg ceo facebook temu bff,false,1
856,jalan slamet riyadi kota solo genang banjir,false,1
857,mahal biaya sekolah layar,false,1
858,video serta aksi 411 rusak toko,false,1
859,saham taxi express milik sandiaga uno,false,1
860,mesin mobil mati rel kereta api,false,1
861,media siar demo ruu hip,false,1
862,bakar bendera pdi anggota simpatisan pdi,false,1
863,minggu juni 2020 baim rilis hadiah 500 orang menang,false,1
864,panggil seleksi rekrutmen pertamina tanggal juni 2020,false,1
865,ucap bela sungkawa presiden team medis gugur medan covid,false,1
866,video gereja azan corona aktif dengar azan,false,1
867,video america there has been looting everywhere for fear the corona virus,false,1
868,pelintir konteks foto apd hasil ekspor korea tulis made indonesia,false,1
869,pasien virus corona badau otw rujuk rumah sakit rujuk sintang,false,1
870,cikarang siaga virus corona orang tinggal meikarta,false,1
871,video mata juling akibat main game ular lgi trending skrang hati gaeeees,false,1
872,judul artikel lapor pdip sukmawati tahan orang kuat,false,1
873,maskapai tebang turki lari tabrak rencana teroris tanker bahan bakar,false,1
874,royalty ribu rupiah,false,1
875,artikel liputan6 com rhoma irama salah bilang sentuh miras tetes nyabu,false,1
876,menpora imam nahrawi mundur jabat,false,1
877,metro berita serang senator australia kagum jokowi,false,1
878,sby suruh coblos nomor jokowi amin,false,1
879,foto gajah tolong anak singa belalai,false,1
880,white koffie bahaya kandung mudah bakar,false,1
881,zambian student china was beaten death,false,1
882,surat panggil wawancara calon pegawai bank indonesia,false,1
883,lapang mustika ratu bekas jadi acara poster undang 2019gantipresiden,false,1
884,mega aja tuju pki bangkit masak,false,1
885,valid jokowi jual indonesia,false,1
886,selebaran kupon bazaar beras murah gambar wajah charles honor kader pdip juang,false,1
887,latih masjid cyber army masjid baitul ihsan bank indonesia,false,1
888,nyata gubernur papua bela ahok,false,1
889,absen acara anak nasional jokowi pilih hadir silatnas rawan,false,1
890,video berita baru sri mulyani sanggup serah tugas rizal ramli,false,1
891,pesan beranta ingat orang pintu pintu bagi masker,false,1
892,rsud jakarta depok tutup karyawan positif covid,false,1
893,wna angkat direksi bumn,false,1
894,sakit diagnosa nya covid,false,1
895,miscaptioned wolfpack photo,false,1
896,jamur barang kadaluwarsa warga imbau mal,false,1
897,vaksin kali khalifah ottoman 1717,false,1
898,profesor tasuku honjo virus korona alami cina buat,false,1
899,kokas mall lockdown salah staff atas suspect covid,false,1
900,minum alkohol kurang risiko infeksi novel coronavirus covid,false,1
901,foto anak durhaka ubah buaya gunung picung camat tenjolaya kabupaten bogor,false,1
902,keren yah mobil sita maha lembaga suci,false,1
903,foto kerja sutet peristiwa mati listrik jakarta jabar banten,false,1
904,oktober 2019 prabowo sandi lantik,false,1
905,tampak jin mata sipit hakim,false,1
906,ahok ganti maruf amin,false,1
907,tusuk gigi kunyit deteksi borax,false,1
908,culi anak kus hilir kabupaten tanah bumbu kalimantan selatan,false,1
909,konsumsi garam impor china,false,1
910,bahaya ucap selamat gif whatsapp,false,1
911,lowong kerja garuda indonesia,false,1
912,rakyat vietnam usir ribu warga cina,false,1
913,ridwan kamil tinggal pilih religius pilgub jabar dukung lgbt,false,1
914,klarifikasi sebar berita detikcom hoax,false,1
915,fpi bubar obat gratis dpp pdi juang tambora,false,1
916,logo bank indonesia pecah ratus ribu bendera tentara komunis,false,1
917,biskuit crispy crackers klaim kandung lilin mudah bakar,false,1
918,rokok marlboro isi ganja,false,1
919,antenna your mask,false,1
920,pks tolak sandiwara,false,1
921,jerman tiba2 awan hitam tedengar suara adzan lingkung tdk masjid,false,1
922,film kapten amerika capten steve bangun modern lihat virus corona,false,1
923,jaga jarak mutusin matarantai konser rame doi,false,1
924,menag izin masjid gelar salat tarawih pandemi covid,false,1
925,pasar pasar tradisional tanjung karang teluk betung besok tutup,false,1
926,area kantor nokia menara mulia bersih karyawan tinggal,false,1
927,istana resmi pki boleh indonesia,false,1
928,razia indomie taiwan,false,1
929,polisi aman mobil isi bahan ledak lantik presiden wakil presiden,false,1
930,mahasiswa usir tumpang gelap,false,1
931,artikel jokowi china bantu padam bakar hutan indonesia,false,1
932,menit riau jakarta,false,1
933,posko lawan bangkit pki glodok,false,1
934,ketua kpu 2014 husni kamil mayat penuh bercak darah,false,1
935,jembatan palembang penuh dukung jokowi saking penuh tumpu pasir,false,1
936,rakyat cina kpu surabaya daftar dpt milu,false,1
937,kwik kian gie tinggal dunia,false,1
938,manusia pro pki,false,1
939,tni selundup tanah arab,false,1
940,tangkap tuyul desa karangejo blitar,false,1
941,tentara cina nyamar,false,1
942,susup gpib maranatha bandung,false,1
943,lapor polisi hate speech diri seword com anggap salah alamat,false,1
944,the oic world human rights organization have become blind,false,1
945,laku bunuh pulo mas ridwan sitorus alias ius pane tangkap medan,false,1
946,fenomena equinox bikin suhu derajat celcius indonesia,false,1
947,foto jokowi ukur baju karya desainer ivan gunawan,false,1
948,instruksi gubernur dki jakarta tilang masker pikobar,false,1
949,dukung fanatik jokowi tinggal jalan kilometer,false,1
950,breaking news megawati undur ketua pdip,false,1
951,ruslan buton pecat tni tolak tka china,false,1
952,geoge floyd tewas tembak,false,1
953,kadus hakim warga babak bur akibat bagi sembako corona sasar,false,1
954,wapres konser ramadhan nonton donasi pahala lebih puasa,false,1
955,foto italia gagal sepenuh covid,false,1
956,pesan beranta mosi tawar rapid test kit covid,false,1
957,puncak sebar virus corona april april 2020,false,1
958,jakarta daerah infeksi virus covid salah pilih gubernur,false,1
959,alkohol bunuh coronavirus covid,false,1
960,foto kabah sepi thawaf virus corona,false,1
961,air rebus bawang putih sembuh virus corona,false,1
962,pelintir judul berita dokter wapres maruf amin istirahat,false,1
963,nyanyi henny purwonegoro tinggal dunia,false,1
964,jembatan darurat bangun jam jepang,false,1
965,israel larang nelayan palestina laut,false,1
966,maklumat majelis rakyat papua mahasiswa papua kota studi lanjut studi,false,1
967,jembatan jalan cemara medan roboh,false,1
968,suporter tinggal laga tira persikabo persija,false,1
969,video roboh rumah lantar istri tahu selingkuh suami,false,1
970,shoot one bhs cina,false,1
971,tinggal serda supran sida kait virus cacar monyet,false,1
972,samsul bahri ketua kpps sydney pro,false,1
973,jeli perhati jari tangan palsu,false,1
974,orang jakarta canggih euy,false,1
975,foto spanduk optimis jokowi bohong ingkar janji,false,1
976,istri indro warkop tinggal okok pasif,false,1
977,sahkan undang2 lgbt nikah jenis,false,1
978,najwa shihab dukung prabowo sandi,false,1
979,spanduk pasang cebong,false,1
980,info rekruitmen bumn nindya karya,false,1
981,habibie lawan berat prabowo jokowi,false,1
982,iklan lowong kerja hamil istri lurah gorontalo hadiah juta,false,1
983,bpbd bogor ingat potensi bencana gera tanah camat,false,1
984,ormas pas klarifikasi insiden bubar kkr sabuga bandung,false,1
985,foto ungsi suriah,false,1
986,konsumsi telur rebus malam tangkal covid,false,1
987,video raja bahrain dubai awal robot,false,1
988,pesan beranta kantor pusat kawan tutup salah direksi tinggal orang karyawan papar covid,false,1
989,sabam sirait tinggal dunia april 2020,false,1
990,tenaga medis china bantu tangan covid indonesia,false,1
991,hujan batu serpih meteor bumi purwakarta,false,1
992,gusti kanjeng ratu condrokirono izin pengunaan area keraton isu sara,false,1
993,jokowi pidato menit tertawa orang jepang,false,1
994,surat suara coblos tebar,false,1
995,pesawat pribadi prabowo larang darat bandara syamsudin noor banjarmasin,false,1
996,duit baju makan acara sunyi rawan jokowi bunuh,false,1
997,rakyat berontak,false,1
998,anggur jual pinggir jalan padang tegal formalin,false,1
999,foto salam jari kapolda sumut paulus waterpauw ketua rawan djarot sihar,false,1
1000,gempa malang selatan,false,1
1001,klarifikasi sekjen pbnu tolak ustadz abdul somad,false,1
1002,foto mobil uno masuk busway,false,1
1003,jokowi naik pajak hasil,false,1
1004,foto logo love israel permen tos,false,1
1005,ahok izin natal monas larang aji monas,false,1
1006,gedung jaksa agung bakar lbp mutih koruptor,false,1
1007,laki laki soekarno jend soerdirman ayahanda habieb risziq shihab,false,1
1008,video biadab banget laku jenazah muslim,false,1
1009,hari rapid test covid santri kudus 000 santri sadar,false,1
1010,ide alquran nusantara sdh realisasi,false,1
1011,katalog model alexis,false,1
1012,surat seru siaga majelis ulama indonesia,false,1
1013,corona wabah gubernur ganjar libur driver grab grobogan aju grab insetif 200rb,false,1
1014,video detik detik tsunami jepang februari 2020,false,1
1015,warga garut korban begal,false,1
1016,some say the sound whale,false,1
1017,gym angkat bicara kait broadcast sila ucap selamat natal catut nama,false,1
1018,nata coco buat plastik bahaya anak anak,false,1
1019,pabrik narkoba digrebek tasikmalaya laku cina,false,1
1020,aseng pake seri mobil china,false,1
1021,mahasiswa uinsu tinggal dunia laksana demo kota medan,false,1
1022,sri mulyani dana haji triliun tutup defisit bpjs,false,1
1023,kyai aku kubu curang,false,1
1024,derita gila akibat pilpres tingkat tajam sumbar,false,1
1025,santun celaka jasa raharja 100 persen,false,1
1026,terb0ngkar beli tanah strategi indonesia,false,1
1027,austria lahar panas perut bumi,false,1
1028,tol jakarta cikampek ambruk,false,1
1029,lite hack,false,1
1030,munir bunuh prabowo salah,false,1
1031,megawati soekarnoputri rawat rumah sakit stroke,false,1
1032,temu mayat anak kelas sdn pademangan barat mayor,false,1
1033,nomor porsi haji berangkat 2018 2030,false,1
1034,indonesia sayang indonesia malang,false,1
1035,pemoge tewas jalur alternatif cikidang,false,1
1036,gedung tri jual,false,1
